SUMLEV,Geo,ERENOV_V1,ERENOV_V2,ERENOV_V3,ERENOV_V4,ERENOV_V5,ERENOV_V6,ERENOV_V7,ERENOV_V8
SL010,34,459,178,12,59,185,17,,8
SL030,3404,4,3,1,,,,,
SL030,3407,65,10,2,10,39,2,,2
SL030,3416,57,16,2,,37,2,,
SL030,3414,10,3,,1,5,1,,
SL030,3409,92,23,3,2,58,2,,4
SL030,3401,53,22,1,8,16,5,,1
SL030,3417,8,5,,1,2,,,
SL030,3415,17,3,,2,12,,,
SL030,3412,48,24,,17,7,,,
SL030,3406,9,4,1,1,1,2,,
SL030,3410,35,32,,1,,1,,1
SL030,3403,5,1,1,,2,1,,
SL030,3405,13,2,1,9,1,,,
SL030,3402,20,12,,4,4,,,
SL030,3408,18,14,,3,1,,,
SL030,3413,2,2,,,,,,
SL030,3411,3,2,,,,1,,
SL040,340407,4,3,1,,,,,
SL040,340737,6,1,,,5,,,
SL040,341620,34,4,,,28,2,,
SL040,341430,10,3,,1,5,1,,
SL040,340925,18,5,,,12,,,1
SL040,340121,10,5,1,,1,3,,
SL040,340111,12,2,,7,1,1,,1
SL040,340749,3,,2,,1,,,
SL040,340917,22,3,,,19,,,
SL040,340908,46,11,3,,27,2,,3
SL040,340709,11,4,,,7,,,
SL040,340740,6,,,1,5,,,
SL040,341648,14,9,,,5,,,
SL040,340724,5,1,,,4,,,
SL040,341726,8,5,,1,2,,,
SL040,341531,17,3,,2,12,,,
SL040,340118,13,6,,,7,,,
SL040,341227,10,2,,7,1,,,
SL040,340639,9,4,1,1,1,2,,
SL040,341046,15,14,,1,,,,
SL040,340333,5,1,1,,2,1,,
SL040,341012,15,14,,,,,,1
SL040,340538,11,1,1,8,1,,,
SL040,340123,9,4,,,5,,,
SL040,341236,10,8,,,2,,,
SL040,341215,25,13,,10,2,,,
SL040,340742,11,,,5,3,2,,1
SL040,341601,9,3,2,,4,,,
SL040,340705,12,,,4,8,,,
SL040,340747,9,4,,,4,,,1
SL040,340943,6,4,,2,,,,
SL040,340222,6,3,,,3,,,
SL040,340250,12,7,,4,1,,,
SL040,340819,4,3,,,1,,,
SL040,341232,3,1,,,2,,,
SL040,340845,6,6,,,,,,
SL040,340104,2,1,,1,,,,
SL040,341003,5,4,,,,1,,
SL040,340734,2,,,,2,,,
SL040,340535,2,1,,1,,,,
SL040,340802,6,3,,3,,,,
SL040,341328,2,2,,,,,,
SL040,340244,2,2,,,,,,
SL040,340129,1,,,,1,,,
SL040,340141,4,2,,,1,1,,
SL040,340813,2,2,,,,,,
SL040,340114,2,2,,,,,,
SL040,341106,3,2,,,,1,,
SL050,34010404016,1,1,,,,,,
SL050,34010404041,1,,,1,,,,
SL050,34011111010,1,,,,1,,,
SL050,34011111020,2,1,,,,1,,
SL050,34011111033,2,1,,,,,,1
SL050,34011111035,7,,,7,,,,
SL050,34011414018,1,1,,,,,,
SL050,34011414048,1,1,,,,,,
SL050,34011818020,1,,,,1,,,
SL050,34011818022,1,,,,1,,,
SL050,34011818023,1,1,,,,,,
SL050,34011818030,1,,,,1,,,
SL050,34011818047,1,,,,1,,,
SL050,34011818087,1,,,,1,,,
SL050,34011818108,1,,,,1,,,
SL050,34011818122,1,1,,,,,,
SL050,34011818127,1,1,,,,,,
SL050,34011818132,1,,,,1,,,
SL050,34011818140,1,1,,,,,,
SL050,34011818158,1,1,,,,,,
SL050,34011818905,1,1,,,,,,
SL050,34012121035,1,,1,,,,,
SL050,34012121037,1,,,,1,,,
SL050,34012121041,2,2,,,,,,
SL050,34012121043,1,1,,,,,,
SL050,34012121044,1,1,,,,,,
SL050,34012121064,4,1,,,,3,,
SL050,34012323005,1,1,,,,,,
SL050,34012323010,2,2,,,,,,
SL050,34012323011,1,,,,1,,,
SL050,34012323024,1,,,,1,,,
SL050,34012323050,1,,,,1,,,
SL050,34012323055,1,,,,1,,,
SL050,34012323092,1,,,,1,,,
SL050,34012323094,1,1,,,,,,
SL050,34012929032,1,,,,1,,,
SL050,34014141004,1,,,,,1,,
SL050,34014141038,1,1,,,,,,
SL050,34014141056,1,1,,,,,,
SL050,34014141073,1,,,,1,,,
SL050,34022222017,1,1,,,,,,
SL050,34022222082,1,1,,,,,,
SL050,34022222115,1,1,,,,,,
SL050,34022222124,1,,,,1,,,
SL050,34022222128,1,,,,1,,,
SL050,34022222181,1,,,,1,,,
SL050,34024444068,1,1,,,,,,
SL050,34024444216,1,1,,,,,,
SL050,34025050059,1,1,,,,,,
SL050,34025050152,2,,,2,,,,
SL050,34025050165,2,2,,,,,,
SL050,34025050181,1,,,1,,,,
SL050,34025050222,1,,,,1,,,
SL050,34025050252,1,,,1,,,,
SL050,34025050296,1,1,,,,,,
SL050,34025050297,3,3,,,,,,
SL050,34033333011,1,,,,1,,,
SL050,34033333019,1,,1,,,,,
SL050,34033333024,1,,,,,1,,
SL050,34033333044,2,1,,,1,,,
SL050,34040707022,3,3,,,,,,
SL050,34040707055,1,,1,,,,,
SL050,34053535016,1,1,,,,,,
SL050,34053535022,1,,,1,,,,
SL050,34053838005,1,,,1,,,,
SL050,34053838006,1,1,,,,,,
SL050,34053838017,5,,,5,,,,
SL050,34053838018,1,,,,1,,,
SL050,34053838024,1,,1,,,,,
SL050,34053838048,1,,,1,,,,
SL050,34053838050,1,,,1,,,,
SL050,34063939002,1,,,,1,,,
SL050,34063939012,1,1,,,,,,
SL050,34063939021,2,,1,1,,,,
SL050,34063939043,2,,,,,2,,
SL050,34063939068,1,1,,,,,,
SL050,34063939074,1,1,,,,,,
SL050,34063939087,1,1,,,,,,
SL050,34070505002,3,,,,3,,,
SL050,34070505019,1,,,1,,,,
SL050,34070505021,1,,,,1,,,
SL050,34070505058,2,,,,2,,,
SL050,34070505110,1,,,,1,,,
SL050,34070505173,1,,,1,,,,
SL050,34070505187,1,,,,1,,,
SL050,34070505902,2,,,2,,,,
SL050,34070909059,3,3,,,,,,
SL050,34070909217,1,,,,1,,,
SL050,34070909227,1,1,,,,,,
SL050,34070909339,1,,,,1,,,
SL050,34070909400,1,,,,1,,,
SL050,34070909409,1,,,,1,,,
SL050,34070909410,3,,,,3,,,
SL050,34072424056,1,,,,1,,,
SL050,34072424089,1,,,,1,,,
SL050,34072424098,1,,,,1,,,
SL050,34072424106,1,,,,1,,,
SL050,34072424212,1,1,,,,,,
SL050,34073434017,1,,,,1,,,
SL050,34073434083,1,,,,1,,,
SL050,34073737046,3,,,,3,,,
SL050,34073737067,1,,,,1,,,
SL050,34073737274,1,1,,,,,,
SL050,34073737352,1,,,,1,,,
SL050,34074040030,1,,,,1,,,
SL050,34074040128,1,,,,1,,,
SL050,34074040181,1,,,,1,,,
SL050,34074040194,2,,,,2,,,
SL050,34074040225,1,,,1,,,,
SL050,34074242004,1,,,,,,,1
SL050,34074242034,1,,,1,,,,
SL050,34074242073,2,,,2,,,,
SL050,34074242097,1,,,,1,,,
SL050,34074242134,2,,,2,,,,
SL050,34074242173,2,,,,,2,,
SL050,34074242204,1,,,,1,,,
SL050,34074242217,1,,,,1,,,
SL050,34074747010,1,1,,,,,,
SL050,34074747027,1,1,,,,,,
SL050,34074747055,1,,,,1,,,
SL050,34074747114,2,1,,,1,,,
SL050,34074747121,1,,,,1,,,
SL050,34074747155,1,,,,1,,,
SL050,34074747186,2,1,,,,,,1
SL050,34074949100,1,,,,1,,,
SL050,34074949164,1,,1,,,,,
SL050,34074949210,1,,1,,,,,
SL050,34080202010,1,,,1,,,,
SL050,34080202029,1,1,,,,,,
SL050,34080202061,2,,,2,,,,
SL050,34080202069,2,2,,,,,,
SL050,34081313028,1,1,,,,,,
SL050,34081313053,1,1,,,,,,
SL050,34081919046,2,2,,,,,,
SL050,34081919086,1,,,,1,,,
SL050,34081919190,1,1,,,,,,
SL050,34084545028,1,1,,,,,,
SL050,34084545051,1,1,,,,,,
SL050,34084545081,1,1,,,,,,
SL050,34084545085,1,1,,,,,,
SL050,34084545128,1,1,,,,,,
SL050,34084545168,1,1,,,,,,
SL050,34090808016,3,,,,3,,,
SL050,34090808019,3,1,2,,,,,
SL050,34090808022,1,,,,1,,,
SL050,34090808031,1,1,,,,,,
SL050,34090808049,2,,,,2,,,
SL050,34090808053,1,,,,1,,,
SL050,34090808054,1,1,,,,,,
SL050,34090808061,1,,,,1,,,
SL050,34090808073,2,2,,,,,,
SL050,34090808076,1,,,,1,,,
SL050,34090808089,1,,,,,1,,
SL050,34090808092,1,,,,1,,,
SL050,34090808099,1,,,,1,,,
SL050,34090808112,1,,,,1,,,
SL050,34090808113,1,,,,1,,,
SL050,34090808114,1,1,,,,,,
SL050,34090808117,1,,,,,,,1
SL050,34090808121,1,,,,,,,1
SL050,34090808127,2,,,,2,,,
SL050,34090808141,1,,,,1,,,
SL050,34090808147,2,,,,2,,,
SL050,34090808150,1,,,,1,,,
SL050,34090808165,2,2,,,,,,
SL050,34090808169,1,1,,,,,,
SL050,34090808175,3,,,,3,,,
SL050,34090808183,1,,,,1,,,
SL050,34090808194,1,,,,,,,1
SL050,34090808200,1,1,,,,,,
SL050,34090808255,1,,,,1,,,
SL050,34090808263,1,1,,,,,,
SL050,34090808265,1,,,,1,,,
SL050,34090808274,1,,,,1,,,
SL050,34090808285,1,,,,1,,,
SL050,34090808291,1,,,,,1,,
SL050,34090808298,1,,1,,,,,
SL050,34091717015,1,1,,,,,,
SL050,34091717036,1,,,,1,,,
SL050,34091717043,4,,,,4,,,
SL050,34091717065,1,,,,1,,,
SL050,34091717079,1,1,,,,,,
SL050,34091717091,2,,,,2,,,
SL050,34091717107,1,,,,1,,,
SL050,34091717145,2,,,,2,,,
SL050,34091717167,3,,,,3,,,
SL050,34091717176,1,,,,1,,,
SL050,34091717185,2,,,,2,,,
SL050,34091717189,1,,,,1,,,
SL050,34091717224,1,,,,1,,,
SL050,34091717902,1,1,,,,,,
SL050,34092525011,4,,,,3,,,1
SL050,34092525016,1,1,,,,,,
SL050,34092525023,1,,,,1,,,
SL050,34092525044,1,,,,1,,,
SL050,34092525062,2,,,,2,,,
SL050,34092525119,1,,,,1,,,
SL050,34092525120,1,1,,,,,,
SL050,34092525121,1,1,,,,,,
SL050,34092525137,1,1,,,,,,
SL050,34092525171,2,,,,2,,,
SL050,34092525172,1,,,,1,,,
SL050,34092525189,1,1,,,,,,
SL050,34092525227,1,,,,1,,,
SL050,34094343005,1,1,,,,,,
SL050,34094343095,1,1,,,,,,
SL050,34094343104,1,,,1,,,,
SL050,34094343109,1,1,,,,,,
SL050,34094343115,1,,,1,,,,
SL050,34094343161,1,1,,,,,,
SL050,34100303021,1,1,,,,,,
SL050,34100303048,1,1,,,,,,
SL050,34100303059,1,1,,,,,,
SL050,34100303065,1,1,,,,,,
SL050,34100303105,1,,,,,1,,
SL050,34101212005,2,2,,,,,,
SL050,34101212009,2,2,,,,,,
SL050,34101212040,1,,,,,,,1
SL050,34101212082,1,1,,,,,,
SL050,34101212084,4,4,,,,,,
SL050,34101212095,1,1,,,,,,
SL050,34101212135,4,4,,,,,,
SL050,34104646019,1,1,,,,,,
SL050,34104646060,2,2,,,,,,
SL050,34104646065,1,1,,,,,,
SL050,34104646077,2,1,,1,,,,
SL050,34104646139,1,1,,,,,,
SL050,34104646147,1,1,,,,,,
SL050,34104646184,1,1,,,,,,
SL050,34104646220,1,1,,,,,,
SL050,34104646230,1,1,,,,,,
SL050,34104646238,1,1,,,,,,
SL050,34104646250,1,1,,,,,,
SL050,34104646255,1,1,,,,,,
SL050,34104646258,1,1,,,,,,
SL050,34110606060,1,1,,,,,,
SL050,34110606062,1,,,,,1,,
SL050,34110606153,1,1,,,,,,
SL050,34121515003,1,,,,1,,,
SL050,34121515005,1,1,,,,,,
SL050,34121515013,2,1,,,1,,,
SL050,34121515016,2,,,2,,,,
SL050,34121515022,2,,,2,,,,
SL050,34121515030,1,1,,,,,,
SL050,34121515031,1,1,,,,,,
SL050,34121515035,1,1,,,,,,
SL050,34121515036,1,1,,,,,,
SL050,34121515044,1,,,1,,,,
SL050,34121515045,1,,,1,,,,
SL050,34121515054,1,1,,,,,,
SL050,34121515055,1,1,,,,,,
SL050,34121515059,1,1,,,,,,
SL050,34121515061,1,,,1,,,,
SL050,34121515067,2,1,,1,,,,
SL050,34121515068,1,,,1,,,,
SL050,34121515069,1,1,,,,,,
SL050,34121515078,2,2,,,,,,
SL050,34121515083,1,,,1,,,,
SL050,34122727026,1,,,,1,,,
SL050,34122727031,1,1,,,,,,
SL050,34122727033,3,,,3,,,,
SL050,34122727039,1,1,,,,,,
SL050,34122727063,3,,,3,,,,
SL050,34122727064,1,,,1,,,,
SL050,34123232001,1,,,,1,,,
SL050,34123232054,1,1,,,,,,
SL050,34123232058,1,,,,1,,,
SL050,34123636009,1,,,,1,,,
SL050,34123636017,1,1,,,,,,
SL050,34123636024,1,1,,,,,,
SL050,34123636036,1,1,,,,,,
SL050,34123636045,1,1,,,,,,
SL050,34123636047,1,1,,,,,,
SL050,34123636051,1,1,,,,,,
SL050,34123636057,1,1,,,,,,
SL050,34123636060,1,1,,,,,,
SL050,34123636902,1,,,,1,,,
SL050,34132828005,1,1,,,,,,
SL050,34132828079,1,1,,,,,,
SL050,34143030008,1,,,,1,,,
SL050,34143030016,1,1,,,,,,
SL050,34143030024,1,1,,,,,,
SL050,34143030028,2,,,,2,,,
SL050,34143030029,1,1,,,,,,
SL050,34143030030,1,,,,,1,,
SL050,34143030039,2,,,,2,,,
SL050,34143030041,1,,,1,,,,
SL050,34153131025,1,,,,1,,,
SL050,34153131050,1,,,,1,,,
SL050,34153131066,1,,,,1,,,
SL050,34153131082,2,,,,2,,,
SL050,34153131084,1,,,,1,,,
SL050,34153131097,1,,,,1,,,
SL050,34153131128,1,,,,1,,,
SL050,34153131142,1,,,,1,,,
SL050,34153131149,1,1,,,,,,
SL050,34153131159,1,,,,1,,,
SL050,34153131206,1,,,,1,,,
SL050,34153131216,1,,,1,,,,
SL050,34153131232,1,1,,,,,,
SL050,34153131238,1,,,1,,,,
SL050,34153131251,2,1,,,1,,,
SL050,34160101006,1,,,,1,,,
SL050,34160101014,1,1,,,,,,
SL050,34160101022,1,,,,1,,,
SL050,34160101028,1,,,,1,,,
SL050,34160101036,1,,1,,,,,
SL050,34160101049,1,1,,,,,,
SL050,34160101059,2,1,1,,,,,
SL050,34160101902,1,,,,1,,,
SL050,34162020003,1,,,,1,,,
SL050,34162020009,2,,,,2,,,
SL050,34162020010,1,,,,1,,,
SL050,34162020018,1,,,,1,,,
SL050,34162020022,2,,,,2,,,
SL050,34162020027,1,,,,1,,,
SL050,34162020031,1,,,,1,,,
SL050,34162020032,4,,,,4,,,
SL050,34162020036,2,2,,,,,,
SL050,34162020040,2,,,,2,,,
SL050,34162020045,4,,,,4,,,
SL050,34162020063,3,,,,3,,,
SL050,34162020067,2,,,,2,,,
SL050,34162020069,3,1,,,,2,,
SL050,34162020071,1,,,,1,,,
SL050,34162020074,2,1,,,1,,,
SL050,34162020078,2,,,,2,,,
SL050,34164848013,1,1,,,,,,
SL050,34164848017,1,1,,,,,,
SL050,34164848020,1,1,,,,,,
SL050,34164848024,1,,,,1,,,
SL050,34164848026,1,,,,1,,,
SL050,34164848036,1,1,,,,,,
SL050,34164848040,1,1,,,,,,
SL050,34164848045,2,1,,,1,,,
SL050,34164848071,1,1,,,,,,
SL050,34164848091,1,1,,,,,,
SL050,34164848096,1,,,,1,,,
SL050,34164848903,1,1,,,,,,
SL050,34164848912,1,,,,1,,,
SL050,34172626021,1,,,1,,,,
SL050,34172626036,3,3,,,,,,
SL050,34172626084,2,2,,,,,,
SL050,34172626130,2,,,,2,,,
